signal,sample_end,pub_date,in_sample_ann_ret,in_sample_sharpe,in_sample_n,post_sample_ann_ret,post_sample_sharpe,post_sample_n,post_pub_ann_ret,post_pub_sharpe,post_pub_n,post_sample_retention,post_pub_retention
AM,1990-12-31,1992-12-31,0.057578159711850464,0.5415791877147748,474,0.17843577911749273,1.3203084766823294,24,0.056179740680035145,0.30641635883832197,384,3.0990184474542684,0.9757126827461368
AOP,1993-12-31,1998-12-31,0.04272219189796919,0.48169516079854213,210,0.035754559706044894,0.3935690083383797,60,0.00013013420500765957,0.0014419783169199074,312,0.8369083634902285,0.0030460563755354865
AbnormalAccruals,1992-12-31,2001-12-31,0.06397985351372332,1.0783969329269592,246,-0.0010090722741735456,-0.011596514940736448,108,-0.01535146770503557,-0.1744913511813704,276,-0.015771719045232033,-0.23994221402433763
Accruals,1991-12-31,1996-12-31,0.06677701559631836,1.001186706526898,474,0.0713107277323009,2.0079338807904477,60,0.011944511038711782,0.18668210750187392,336,1.0678933027404192,0.17887159125108193
AccrualsBM,1998-12-31,2004-12-31,0.16323393500891764,0.8997244445815449,413,0.27346093792518406,1.3767907591504578,72,0.10758394235565019,0.5734194232913294,240,1.675270144717424,0.659078287549539
Activism1,2001-12-31,2005-12-31,0.028835676137224733,0.29465809053763714,135,-0.01695154083144216,-0.2241312020606148,48,0.017982237537474764,0.3037538410940779,14,-0.5878669447795251,0.6236107470447354
Activism2,2001-12-31,2005-12-31,0.052598996723434606,0.31236390569373934,135,0.13770180702207616,0.9238453819806739,48,0.019294412317422606,0.15012119955297765,14,2.617955010551093,0.3668209190162424
AdExp,1996-12-31,2001-12-31,0.058561217758076975,0.327378095145015,392,0.0459325346099328,0.32071771067451216,60,0.03817325080610284,0.29276142914265585,276,0.7843507421530288,0.6518520663931694
AgeIPO,1987-12-31,1991-12-31,0.19329430388561875,1.7837493383227092,84,-0.018397700926015614,-0.13140998866697448,48,0.09149485952608324,0.4778273803863554,396,-0.09517973657879951,0.47334483058654964
AnalystRevision,1980-12-31,1984-12-31,0.11535425675805552,2.442246557491441,58,0.14842309605230447,3.027235444235056,48,0.06418421196290239,1.0549042050973125,480,1.2866720329498345,0.5564095662071891
AnalystValue,1993-12-31,1998-12-31,0.02536259543964662,0.3367332019069778,210,-0.007009409186660792,-0.07688246110019152,60,0.04644588372079335,0.2513138517746459,312,-0.27636797674514557,1.8312748721366856
AnnouncementReturn,1992-12-31,1996-12-31,0.13506247624034146,2.8584708590184826,256,0.15460402818537602,4.438318024558903,48,0.09598184387929491,1.3520015729872916,336,1.1446852781690504,0.7106477428156789
AssetGrowth,2003-12-31,2008-12-31,0.13263448605885447,1.0581542597236155,618,-0.047740048506411434,-0.4502977472759624,60,0.07998319695738021,0.6498629078383029,192,-0.3599369208188249,0.6030346958323413
BM,1976-12-31,1980-12-31,0.09596807434396547,0.763070050374463,306,0.03624593392347186,0.2869038759927063,48,0.07341140332890496,0.47929715031687825,528,0.37768741502054565,0.7649565111183364
BMdec,1990-12-31,1992-12-31,0.09778838422281806,0.9071084979356052,462,0.0616888419552855,0.6331379416755959,24,0.07410769507980623,0.6232201721517565,384,0.6308401805139034,0.7578374023539071
BPEBM,2001-12-31,2007-12-31,0.026606192587762027,0.44407027819322575,474,-0.01261237195860379,-0.3347756045239671,72,-0.0038756690598294365,-0.05893869812310672,204,-0.47403896356087666,-0.14566793226972719
Beta,1968-12-31,1973-12-31,0.08417647485806878,0.2886555364009428,490,-0.2340452001276424,-1.0141622486053024,60,0.03151893379667875,0.12596840030094342,612,-2.7804110414729237,0.3744387472844794
BetaFP,2012-12-31,2014-12-31,0.0031181173214603584,0.009410435654793254,1017,0.005800020374425265,0.03471385313873884,24,-0.019317346274879695,-0.06888487093073752,120,1.8601033176355426,-6.195195460391622
BetaLiquidityPS,1999-12-31,2003-12-31,0.01919146080020387,0.1480099384606248,433,0.13242614891403298,1.0305545989129732,48,-0.000801085722037573,-0.0067269818712385535,252,6.900264148345927,-0.04174177934537756
BetaTailRisk,2010-12-31,2014-12-31,0.04940260836724323,0.3263445415102464,948,-0.027127588045837668,-0.21295704585065828,48,0.03300664904336014,0.25576362654508084,120,-0.5491124647544889,0.6681155132133761
BidAskSpread,1980-12-31,1986-12-31,0.11688570202007953,0.3507378788718862,659,-0.09318458337518822,-0.5756447158837156,72,0.0006078726454158353,0.0021816019928199235,456,-0.7972282474650343,0.005200573166009734
BookLeverage,1990-12-31,1992-12-31,0.013330698529434835,0.2464865497446419,474,-0.04759071455091449,-0.7167572530149301,24,-0.0034253468257129886,-0.02177356271081132,384,-3.570009061853125,-0.256951788246479
BrandInvest,2010-12-31,2014-12-31,0.05120440087717745,0.2400306859516587,546,-0.03954174460055318,-0.3400767605018091,48,-0.05159536281333699,-0.2882679305972634,120,-0.7722333221982393,-1.0076353190245761
CBOperProf,2014-12-31,2016-12-31,0.058428661454987735,0.466811262769809,630,0.10355609271285152,0.7189078988877761,24,0.06814854157962622,0.3459956249575669,96,1.7723509341837147,1.1663546602402741
CF,1990-12-31,1994-12-31,0.06511170092655792,0.5904246210286811,474,-0.05652848133664287,-0.2694584331177243,48,0.04620428168379677,0.24624768524205576,360,-0.8681770024776898,0.7096156455183442
CPVolSpread,2004-12-31,2009-12-31,0.11723497693320531,1.0597997131187427,107,0.06089427816374234,0.7812524040576257,60,0.055547725099157286,0.8978683525694248,157,0.5194207373660925,0.4738152943110624
Cash,2009-12-31,2012-12-31,0.08699942651123374,0.49570215248347943,459,-0.03639680883051933,-0.4650002577365291,36,-0.015069754890537093,-0.07068264995236638,144,-0.41835688222404105,-0.17321671526870608
CashProd,2003-12-31,2009-12-31,0.051700140309082904,0.43739204180001134,636,-0.019503323044689956,-0.15472531992354685,72,0.024300403948912024,0.20001357856719476,180,-0.37723926720685375,0.4700258800775986
ChAssetTurnover,2002-12-31,2008-12-31,0.027665927561223262,0.6480052265102745,594,0.011781026266974151,0.32304582115958813,72,0.0054554718353296535,0.12769284115933144,192,0.42583160246130736,0.19719099687718683
ChEQ,2007-12-31,2010-12-31,0.060798611178469665,0.5642099191106417,546,0.08261752660698174,0.7534457065270072,36,0.04870487391751456,0.5252570616566924,168,1.3588719381181968,0.8010853039807955
ChForecastAccrual,1996-12-31,2004-12-31,0.04690425684174679,1.1589650486684606,246,0.014222189366638216,0.26169862842368713,96,0.012241204694768068,0.27212338601815395,240,0.30321745453985877,0.2609828087900302
ChInv,1997-12-31,2002-12-31,0.08360124632503693,1.1532984907175152,546,0.13356320429135213,1.2705715657244263,60,0.030000506399190982,0.452807801303682,264,1.5976221666847634,0.35885238220672816
ChInvIA,1988-12-31,1998-12-31,0.04355876851906844,1.03278610905873,438,0.05296857257844849,0.8626353056298235,120,0.021456165076285266,0.28640261376264997,312,1.2160254841745763,0.4925796987785029
ChNAnalyst,2005-12-31,2008-12-31,0.09342006447554642,0.47788171346137115,330,0.06352414956603705,0.7674733990857053,36,0.013155206486855569,0.13124843730464314,192,0.679984004749484,0.14081778428122438
ChNNCOA,2002-12-31,2008-12-31,0.03464621787346143,0.8093356636394696,606,0.025428083891712354,0.7789090225228752,72,-0.010580170087978987,-0.22123760133147852,192,0.7339353456871824,-0.30537734671706446
ChNWC,2002-12-31,2008-12-31,0.025624344032260476,0.7096688595976217,606,-0.023157326377753612,-0.76859864875554,72,0.008685130286610202,0.2537953162943588,192,-0.9037236757592333,0.338940590076211
ChTax,2006-12-31,2011-12-31,0.13921409340107527,1.49055994097607,531,0.04334125318664546,0.5334804334596204,60,0.05106162076982515,0.7627265778414802,156,0.311328056864038,0.3667848529007535
ChangeInRecommendation,1998-12-31,2004-12-31,0.12583043117967802,2.9422701763279773,61,0.12527213773752777,2.377706442529924,72,0.030691070045382362,0.607797289782811,240,0.9955631285936465,0.24390816877641805
CitationsRD,2008-12-31,2013-12-31,0.019428609495523025,0.32092105851508973,378,0.015294760213536734,0.2300025526844709,60,0.0074323851266526585,0.09007863674257274,132,0.7872287626688435,0.38254848492195587
CompEquIss,2003-12-31,2006-12-31,0.03207600900085462,0.2723208317287226,875,0.05836011402561744,1.319850125536884,36,0.041135441757460915,0.5312047515312961,216,1.8194319007723974,1.2824364077327988
CompositeDebtIssuance,2005-12-31,2008-12-31,0.03185199579500099,0.7682279926469683,594,0.04323559442677301,1.1896473243435288,36,0.026560976711157584,0.5455030748438503,192,1.357390434967928,0.8338873608455705
ConsRecomm,1997-12-31,2001-12-31,0.06197987960319394,0.650894162438448,50,0.24863067373311967,1.1255052855003593,48,0.01313532753014605,0.12449350570494787,276,4.011473970664301,0.21192889715566926
ConvDebt,2012-12-31,2016-12-31,0.027282300193829837,0.484465839213788,744,0.06168409463083032,1.1971049793591164,48,0.0357469892872459,0.513393573137019,96,2.260956524654794,1.3102630288970443
CoskewACX,2001-12-31,2006-12-31,0.03406457795577652,0.43994971449849524,473,0.09262769451360932,1.2661370082701284,60,0.03390304559177701,0.2709832500952575,216,2.719179278658931,0.9952580547391717
Coskewness,1993-12-31,2000-12-31,0.005076279599518913,0.05091915005490794,798,-0.008265844944563104,-0.08596018629038693,84,0.03214967110241234,0.34687966363806416,288,-1.6283273571744297,6.333313694040654
CredRatDG,1998-12-31,2001-12-31,0.07122335571433182,0.5211020819584914,346,0.14570507206998906,0.9057594471618062,36,0.030120777620561028,0.21370381812736758,276,2.0457484852917394,0.422905903807338
CustomerMomentum,2004-12-31,2008-12-31,0.12392925849144636,0.5814409699709583,330,-0.01246690101945026,-0.09695256834565134,48,0.04723462605061235,0.3819920436298743,192,-0.10059691449142924,0.38114184354514236
DebtIssuance,1989-12-31,1999-12-31,0.02093168367493061,0.6635385001512735,216,0.07872811747995648,2.030205143841109,120,0.010507515054473041,0.16968561478335045,300,3.761193733987453,0.5019909156690365
DelBreadth,1998-12-31,2002-12-31,0.08199140826146611,0.8547512990688648,222,0.19766998471879632,0.5646610691562693,48,0.035862864916316274,0.30023001713281305,264,2.4108621733686726,0.43739784053899355
DelCOA,2001-12-31,2005-12-31,0.057029225830749666,0.8968491202449168,594,0.08040908168114563,1.049796602006318,48,0.01737721101707538,0.3073005559281607,228,1.4099627078891495,0.30470711751632684
DelCOL,2001-12-31,2005-12-31,0.030002701608823054,0.4958835095267204,594,0.07005405507976295,1.010296933735531,48,0.011891197206660379,0.19555180038348371,228,2.33492490086832,0.3963375485880735
DelDRC,2007-12-31,2013-12-31,0.20294534890696334,0.5336843477273261,90,-0.020982129729174015,-0.30184581306049424,72,0.027789163470232987,0.37352522936681404,132,-0.10338807882112587,0.1369292946101092
DelEqu,2001-12-31,2005-12-31,0.06037776860261407,0.5403627681117961,474,0.15890046175996997,1.1058008856463741,48,0.03508642463394879,0.3601511439070926,228,2.63177102164538,0.5811149607875656
DelFINL,2001-12-31,2005-12-31,0.07171502737859388,1.5728358901863146,594,0.06761292455548021,1.7867480843039185,48,0.023170902908187886,0.45904514767548066,228,0.9427999545833249,0.3230968983092676
DelLTI,2001-12-31,2005-12-31,0.02029626232753584,0.43459770370044243,582,0.05609153076794417,1.1811415300816734,48,0.014997648012222189,0.3899300292033117,228,2.7636384405539074,0.7389364489970625
DelNetFin,2001-12-31,2005-12-31,0.05382464472453092,1.1657100734406904,594,-0.023631996246098304,-0.3814112258710528,48,0.002988047321852443,0.05414819163019822,228,-0.43905531317567387,0.05551448295004949
DivInit,1988-12-31,1995-12-31,0.050868350953068915,0.3743854182030686,755,0.04836775430520769,0.7836385425374439,84,0.03166086095806154,0.2519979414054156,348,0.9508417984658423,0.62240785016349
DivOmit,1988-12-31,1995-12-31,0.07562336601549331,0.44725353376566634,709,0.04630099667501744,0.42270843750854425,84,0.10230673710288599,0.5484377209216367,347,0.6122578128237711,1.352845588517257
DivSeason,2011-12-31,2013-12-31,0.038247403894597805,1.4810215938412399,1028,0.023153682963475638,1.269064809785523,24,0.010904548618010242,0.6361920104840655,132,0.6053661322290673,0.28510558907634614
DivYieldST,1977-12-31,1979-12-31,0.07645662936441304,0.9166594454424598,617,0.028732394991181534,0.46079285288018895,24,0.07574233585596636,1.4331937794739131,540,0.37579991728689927,0.9906575333704267
DolVol,1995-12-31,1998-12-31,0.10170592759552993,0.4483579411847768,837,0.019518000556589987,0.11530244357936392,36,0.046553138188209525,0.37005083989955423,312,0.1919062243275565,0.4577229596031488
DownRecomm,1997-12-31,2001-12-31,0.07191440541837443,2.608074475313063,49,0.11460368549334762,2.052228846424879,48,0.022232381675756748,0.6049302901121987,276,1.5936123621772433,0.309150601279619
EBM,2001-12-31,2007-12-31,0.0351008768774317,0.6277646922613805,474,-0.012801688938388713,-0.33221588492653276,72,0.02570632943795694,0.4178227275444193,204,-0.36471137125977693,0.7323557621571832
EP,1971-12-31,1977-12-31,0.04915059033001051,0.6268642244467914,252,0.0867205390959892,0.6095619469865797,72,0.024412977420407163,0.24482700599563614,564,1.7643844868133582,0.49669754231824587
EarnSupBig,2001-12-31,2007-12-31,0.051241250214910154,0.5041798184759354,463,0.02717855181494827,0.3260076768426307,72,0.0570929157784211,0.484907505723752,204,0.5304037606607785,1.1141983370618118
EarningsConsistency,2002-12-31,2009-12-31,0.03384913398287666,0.5119776442239181,594,0.031523721825432456,0.4971649380011288,84,0.043398819111264614,0.5389332169179986,180,0.931300689742297,1.2821249469253446
EarningsForecastDisparity,2006-12-31,2011-12-31,0.07760899903973947,0.8793491461526733,300,0.009557389097853065,0.08152127492430253,60,0.018349066448113176,0.19866351840326207,156,0.1231479495433156,0.23642962382129923
EarningsStreak,2009-12-31,2012-12-31,0.13438083713698787,1.9427688135798882,302,0.048568518791997424,1.2321424155867777,36,0.0818257874815067,1.234796101197341,144,0.36142443987371997,0.6089096423628726
EarningsSurprise,1981-12-31,1984-12-31,0.1446333795554746,1.8515667009159862,223,0.09177719380766163,1.7196716094224946,36,0.048030504310269145,0.7706095995646164,480,0.6345505725561795,0.33208450537413386
EntMult,2009-12-31,2011-12-31,0.09432790751015112,0.8005129811213904,702,-0.00836674570931091,-0.14989615757249056,24,0.03376802197342757,0.23558025836613822,156,-0.08869851913560704,0.35798548769666727
EquityDuration,1998-12-31,2004-12-31,0.07186605212069593,0.557434913639467,426,0.18494565179665123,0.7101913851513366,72,0.0009011170324862553,0.00755179685198458,240,2.57347727249638,0.012538841440362805
ExchSwitch,1990-12-31,1995-12-31,0.05359133348881321,0.5433783597934,338,0.10161000603002662,1.2686322547344635,60,0.09284355337037847,0.7012372829937803,348,1.8960156319162491,1.732435961679492
ExclExp,1999-12-31,2003-12-31,0.0036414492844739684,0.03743722664945376,188,0.06908191814598674,0.5181610133364964,48,0.006107500617184127,0.12287356869688945,252,18.970995543046836,1.6772169924828146
FEPS,2002-12-31,2006-12-31,0.12919761523710824,0.5550426546812104,323,0.04115394826459273,0.30595691492064625,48,0.07734332139552172,0.4117551885735546,216,0.3185348908264714,0.5986435682545563
FR,2002-12-31,2006-12-31,0.035755504483495765,0.36213486994908906,258,-0.07774487457164524,-0.8582795199230239,48,-0.05332021186123729,-0.3545744048153481,216,-2.174347018583703,-1.491244848351927
FirmAge,1980-12-31,1984-12-31,-0.004907792232240162,-0.0665387490243276,630,-0.04123066117397276,-0.6434158425868621,48,-0.016722457007309892,-0.17952839615446634,480,8.401060848322224,3.407327819922182
FirmAgeMom,2001-12-31,2006-12-31,0.14238545217780796,0.7669558686244102,888,0.06458293268288577,0.4123025543259366,60,0.10119478572709359,0.599489878973763,216,0.45357816894268077,0.7107101475558308
ForecastDispersion,2000-12-31,2002-12-31,0.08580298427970921,0.7111752659425452,299,0.0991308028700934,0.3163493140719825,24,0.03975966777386525,0.2785065791417478,264,1.1553304783308798,0.4633832739925767
Frontier,2003-12-31,2009-12-31,0.17724294597195733,0.9454272959781653,486,0.20508981434879286,1.2291727954625038,72,0.0583757624159429,0.27798577122476514,180,1.1571112927746154,0.32935450319799403
GP,2010-12-31,2013-12-31,0.04088655096396132,0.4039272836327189,714,0.05255240677690516,0.8303219304573164,36,0.12290279383177768,0.800014473983011,132,1.2853225703294584,3.005946721700934
Governance,1999-12-31,2003-12-31,0.062156195516646556,0.6931500923803345,111,-0.15528817704836406,-1.052916032146203,48,-0.06462695974428476,-0.9706851661798418,38,-2.498353957438966,-1.03975089220151
GrAdExp,2010-12-31,2014-12-31,0.030196336661275084,0.1992640852302794,546,0.041541662795774884,0.8313463287881391,48,0.013249865214217293,0.16545247186883572,120,1.375718626460059,0.43879048517860175
GrLTNOA,1993-12-31,2003-12-31,0.032699250675087256,0.49993830584780163,498,0.026475904644827943,0.4038481479762728,120,-0.005639145557505333,-0.11488080255678981,252,0.8096792464115783,-0.1724548863072773
GrSaleToGrInv,1988-12-31,1998-12-31,0.03894218048563578,0.9022987220937884,438,0.05023189347529455,1.0287102909738122,120,-0.003209024958032807,-0.06152647136396409,312,1.2899096262425032,-0.08240486069383014
GrSaleToGrOverhead,1988-12-31,1998-12-31,0.007851115874555586,0.14697453923947135,438,0.011261455999351643,0.23587107031561005,120,-0.015583341899841303,-0.23087740858530642,312,1.4343764860035388,-1.984856948850395
Herf,2001-12-31,2006-12-31,0.013398445168872716,0.21087010087728628,611,0.010456121855697068,0.15000986130071123,60,-0.03721533987779869,-0.40135040126367666,216,0.7803981524653877,-2.7775864593794366
HerfAsset,2001-12-31,2006-12-31,0.012580158013766255,0.1648968473833344,601,0.0038893949644420783,0.06587659723466728,60,-0.04549858555486949,-0.4813835619560059,216,0.3091690072720851,-3.6166942819860575
HerfBE,2001-12-31,2006-12-31,0.01706801979875576,0.2236460128035292,601,0.009510123089629448,0.16907611578830664,60,-0.040609892531531085,-0.4438047671317023,216,0.5571895979592622,-2.3792972477388092
High52,2001-12-31,2004-12-31,0.0009627406168647825,0.003984606700236437,906,-0.03435511102087704,-0.13301422341223962,36,0.024354190888839354,0.14396217047824517,240,-35.68470096624399,25.296731499861416
IO_ShortInterest,2002-12-31,2005-12-31,0.2748898688071376,0.6550854664375468,277,0.2078274888888894,0.5425808957146855,36,0.6948774268588139,0.7220527472700257,228,0.7560390995519042,2.527839348442263
IdioVol3F,2000-12-31,2006-12-31,0.07166379656569619,0.33065214349950356,893,0.023498160755720345,0.07101107668265165,72,0.03222283820940727,0.16304176993517602,216,0.3278944443611626,0.4496390053779485
IdioVolAHT,1997-12-31,2003-12-31,0.02785149701668083,0.1354290827038697,846,0.015134914842840705,0.029749644525529403,72,0.026379446254493975,0.12172947869784938,252,0.5434147699054056,0.947146440232451
Illiquidity,1997-12-31,2002-12-31,0.043226043491541105,0.36318716726765915,846,-0.004506331401348221,-0.03573146230809837,60,0.005158827795042533,0.07656134081661511,264,-0.10425037864568992,0.11934536169270414
IndIPO,1987-12-31,1991-12-31,0.08025536254277059,0.6670291675899911,152,-0.01095887103522276,-0.23466047888071395,48,0.052341599713143214,0.428644902282074,396,-0.13655001594918267,0.652188190979123
IndMom,1995-12-31,1999-12-31,0.03844333152748992,0.41393913050743025,834,0.15536780435430125,1.1829070667221024,48,0.037534287166899605,0.25469173744660417,300,4.041476068305927,0.9763536529101211
IndRetBig,2001-12-31,2007-12-31,0.1821503578657717,1.3228143978009705,911,0.17095839564711693,1.132583066330371,72,0.0708599373572821,0.5653337016044823,204,0.9385564631890417,0.3890189302263104
IntMom,2010-12-31,2012-12-31,0.1489121907824963,0.6447330888207423,1008,0.15781135482978353,0.8680623037006697,24,0.08104997475783632,0.3042372948554234,144,1.0597611518608676,0.5442803193743843
IntanBM,2003-12-31,2006-12-31,0.048230284596316834,0.3766941543475004,450,0.03305675157373848,0.6297609745434494,36,0.01142591278458153,0.08478617391149301,216,0.6853940807196254,0.2369032834911798
IntanCFP,2003-12-31,2006-12-31,0.03840134079052831,0.34015797850669605,576,0.06680559788275138,1.1538468197252056,36,0.0358246151635114,0.2672343021468617,216,1.7396683685385532,0.9329001130176044
IntanEP,2003-12-31,2006-12-31,0.03985355037064344,0.4275396263014254,570,0.029507277142288568,0.6530059266640887,36,0.02780707418505917,0.2579659217285436,216,0.7403926844124771,0.6977314173128767
IntanSP,2003-12-31,2006-12-31,0.06270078223361104,0.4272195380979208,570,0.001043001800179031,0.010378470470099562,36,0.022185615432680827,0.13597306953853053,216,0.016634589920951976,0.35383315235241397
InvGrowth,2009-12-31,2012-12-31,0.09151923125071995,1.0538999194478311,690,0.016075864679665937,0.25251093886884335,36,0.05346969434903831,0.5446972204295117,144,0.17565559128906552,0.584245448943472
InvestPPEInv,2005-12-31,2008-12-31,0.07870274523417645,1.2089246920456909,648,-0.048780822776891566,-0.9335054032745361,36,0.026067216014110516,0.4925530823732944,192,-0.6198109434651414,0.3312110134983055
Investment,1996-12-31,2004-12-31,0.023651492070324687,0.33334330282874136,522,-0.001074901924065336,-0.007794205946349572,96,0.008919218699570373,0.0939915625994708,240,-0.04544753121153002,0.3771101913169037
LRreversal,1982-12-31,1985-12-31,0.09414240704172577,0.4126349768216677,648,-0.12349062478042311,-0.9598396945073551,36,0.05726567158400768,0.3213347045971654,468,-1.31174280179271,0.6082877353945965
Leverage,1981-12-31,1988-12-31,0.04177667383851919,0.4719517935716896,366,0.13277728384136295,1.5289535024708312,84,0.03877960539959751,0.21039031524193902,432,3.1782636491021647,0.9282597640370712
MRreversal,1980-12-31,1985-12-31,0.05977689164083103,0.34160203881773105,642,-0.025069982260630792,-0.2502259189583912,60,0.037760656421084525,0.30183448188889067,468,-0.4193925373581413,0.6316932076021805
MS,2001-12-31,2005-12-31,0.13944694509020528,0.7379900870285816,311,-0.022690432139467087,-0.25629183549554185,48,0.06584464111587734,0.6150585244523596,228,-0.16271731248604354,0.4721841778124565
MaxRet,2005-12-31,2011-12-31,0.08560483893453669,0.33236185400665574,959,0.045179972507799177,0.16534673698431573,72,0.02393334958463078,0.10508268324064439,156,0.5277735823128992,0.27957940091369105
MeanRankRevGrowth,1990-12-31,1994-12-31,0.051656871985277034,0.7055751732989664,402,0.013320212971255123,0.18384538262021485,48,0.0029904504992580784,0.0449131135452892,360,0.257859457209325,0.05789066167441189
Mom12m,1989-12-31,1993-12-31,0.11682901490954216,0.4263707132998613,756,0.012237170567252965,0.05287511532599765,48,0.10238090717025947,0.33270320395284103,372,0.10474427586955096,0.8763311686701329
Mom12mOffSeason,2002-12-31,2008-12-31,0.12229931591612883,0.4971240023037048,922,0.16540420242802772,0.8455709909521376,72,0.10561101991001864,0.3510811164442863,192,1.3524540279641435,0.8635454672734655
Mom6m,1989-12-31,1993-12-31,0.06668471390151343,0.27101866485261433,762,-0.10989765796547002,-0.5192583051232952,48,0.12471160320634572,0.4259791401190293,372,-1.6480187367644366,1.8701677777388703
Mom6mJunk,2003-12-31,2007-12-31,0.22925789875435004,0.899349253689019,406,0.279072745320082,1.9317475410530103,48,0.054405326850118715,0.21243687247385776,204,1.217287373025732,0.2373105884060032
MomOffSeason,2002-12-31,2008-12-31,0.13357687223211936,0.6815570982686525,911,0.01478147817554749,0.13449771261723478,72,0.04987382426703775,0.24944418332138504,192,0.1106589631014971,0.37337170300238015
MomOffSeason06YrPlus,2002-12-31,2008-12-31,0.0683515203533972,0.5827288654079574,863,0.07411004363553778,1.0255759820136165,72,0.06371396804363547,0.5191785388484411,192,1.0842486495160215,0.9321514388299742
MomOffSeason11YrPlus,2002-12-31,2008-12-31,0.028914328998710756,0.31842197673396455,803,0.02084542858969309,0.2766930345378929,72,0.005186929824124777,0.052337781731133716,192,0.7209376565723712,0.17938959691425155
MomOffSeason16YrPlus,2002-12-31,2008-12-31,0.031818570399256355,0.3771020306299314,743,0.04077027492372803,0.6718711860501522,72,0.026499363822978142,0.2576395936640146,192,1.281335849227245,0.832826977782681
MomRev,2001-12-31,2006-12-31,0.08622968953346133,0.41596683970769954,875,0.15654325094275795,0.8436249377512992,60,0.008803676670679939,0.039380047825495874,216,1.8154217159973831,0.10209565543273448
MomSeason,2002-12-31,2008-12-31,0.09821883144957169,0.7644064367289424,900,0.08472305336491173,0.9903970915165001,72,-0.007629216316343522,-0.04989093535853352,192,0.8625948009614728,-0.07767569827238859
MomSeason06YrPlus,2002-12-31,2008-12-31,0.0942236071086737,0.8655839605156312,852,0.047615096699797924,0.5451423721232862,72,0.00956589234835692,0.07597798589420231,192,0.5053414761003641,0.10152330866853787
MomSeason11YrPlus,2002-12-31,2008-12-31,0.07253782507130006,0.8887267006020063,792,0.06340053738120882,0.7437344557655688,72,0.01933688776907795,0.20284962792504188,192,0.8740341651943676,0.2665766136504785
MomSeason16YrPlus,2002-12-31,2008-12-31,0.06115073870173293,0.7748335814756007,732,0.06891913648494188,0.8486197961841483,72,0.05486450669232881,0.5848334367553082,192,1.1270368592127704,0.8972010454351883
MomSeasonShort,2002-12-31,2008-12-31,0.13156834118329122,0.7965161131525317,912,-0.04433112648198194,-0.39887296865295774,72,0.014404874329200894,0.09783078335408278,192,-0.33694372128795874,0.10948587023023339
MomVol,1995-12-31,2000-12-31,0.10974523679685283,0.41973069977277555,816,0.49564244806565766,1.3944386989184188,60,0.136837889405428,0.3783326113353358,288,4.516300320014174,1.2468685967549171
NOA,2002-12-31,2004-12-31,0.12771399367420436,1.1851500153618424,480,0.18843266850769766,1.273062799155439,24,0.0021596464672879985,0.017842694840440817,240,1.4754269527299047,0.01691002219222124
NetDebtFinance,2000-12-31,2006-12-31,0.08622363454361598,1.4397771477122059,342,0.122379770439798,1.887271737947876,72,0.04361198419510379,0.6345583695517866,216,1.4193297590336735,0.5058008100208625
NetDebtPrice,2001-12-31,2007-12-31,0.06560656094072494,0.619002244326073,462,0.0628469456146506,0.4480852127497068,72,0.011541301438161362,0.06438633731100032,204,0.9579369001132733,0.17591687893210628
NetEquityFinance,2000-12-31,2006-12-31,0.0854008319676881,0.5638950084658146,342,0.07917219185194145,0.34376224566968105,72,0.12237260953798387,0.7228652201512676,216,0.9270658145566627,1.4329205783883259
NetPayoutYield,2003-12-31,2007-12-31,0.07081172944590586,0.5008060542533619,606,0.08721741862464649,0.8231517825830651,48,0.17922564809081037,0.9162749506912639,204,1.2316803911882026,2.5310163936572616
NumEarnIncrease,2009-12-31,2012-12-31,0.05851567987951048,1.3727724425424765,552,0.04588608330070437,1.23030700763587,36,0.037236965892688205,0.6636137259483343,144,0.7841673102865474,0.6363587669042343
OPLeverage,2008-12-31,2011-12-31,0.039915587197794485,0.38004707073633753,690,0.242985839077325,2.2567178840773687,36,-0.003514452714880353,-0.032867419733867795,156,6.087492534514213,-0.0880471254867207
OScore,1995-12-31,1998-12-31,0.0788920794280498,0.5797021548097125,288,0.16099781141727046,1.0428351886937575,36,0.13273249181488642,0.5731466419596201,312,2.0407347934604987,1.6824564997800509
OperProf,2003-12-31,2006-12-31,0.05267192021070296,0.40468487771703704,486,0.09934696169752888,0.9662220491487689,36,0.05451289844790022,0.5587737111089827,216,1.886146571078332,1.0349517965138315
OperProfRD,2014-12-31,2016-12-31,0.03877304961173067,0.2589991010983484,618,0.1380215598612653,0.8079462025897698,24,0.11708265273104493,0.5880770117002865,96,3.5597292769952067,3.0196916132081064
OptionVolume1,2010-12-31,2012-12-31,0.09030177646710325,0.5449466798673984,178,0.08264619245988465,1.760252635301501,24,0.011588265798527208,0.12111337255494108,129,0.9152222214586497,0.12832821514589793
OptionVolume2,2010-12-31,2012-12-31,0.06889264504369423,0.5885476095038427,177,0.03771572702494773,0.9306352556413005,24,-0.022860738423454,-0.42608915917443496,129,0.5474565100676138,-0.33183133568111495
OrderBacklog,1999-12-31,2003-12-31,0.026626306681283372,0.32293425229687756,342,-0.0074089617413176274,-0.06720937352576842,48,-0.0356180870750052,-0.43612136735977586,252,-0.2782572074303367,-1.3377028778851439
OrderBacklogChg,1999-12-31,2007-12-31,0.04348594419452192,0.45138296839954356,330,0.02623045960070925,0.17169683974812863,96,0.07911054191674863,0.6211866250318372,204,0.6031939765036445,1.8192209777685928
OrgCap,2008-12-31,2013-12-31,0.05575666854349222,0.5739920411616685,690,-0.004691739149149509,-0.0699546680215588,60,0.022145731775777507,0.25932738360373775,132,-0.08414669082120253,0.39718534758767077
PS,1996-12-31,2000-12-31,0.09434013627385869,0.5149216390046579,300,0.09626243136402786,0.5629825274395527,48,0.0713964952925792,0.23562315147578303,288,1.0203762170174204,0.7567987297084593
PatentsRD,2008-12-31,2013-12-31,0.0452272367732675,0.3791465848039441,375,-0.3933116722386238,-1.3514485992686038,24,-0.6269862000777822,-0.9988183329169142,48,-8.696345394930225,-13.863022479595202
PayoutYield,2003-12-31,2007-12-31,0.033804294221229034,0.32324463107291523,606,0.03412662832803069,0.5605053648544963,48,0.024147849027660935,0.2103317149423191,204,1.0095353005950123,0.7143426474053148
PctAcc,2008-12-31,2011-12-31,0.05476693421361719,0.6482156489735761,534,0.07877972742199149,1.5550316732824352,36,0.014375256329918987,0.28180436242656265,156,1.4384542160916465,0.2624805740238923
PctTotAcc,2008-12-31,2011-12-31,0.05598606937064089,0.9494966009076354,246,-0.025975546044750934,-0.5096222086070648,36,0.04657705335285943,0.7749820620626517,156,-0.46396445288535504,0.8319400500240234
PredictedFE,1993-12-31,1998-12-31,0.04947316112261928,0.40126130790789954,126,0.016746794064045,0.12563857940119214,60,-0.004389601098522591,-0.030617557632726892,312,0.33850260796026466,-0.08872691776543165
Price,1971-12-31,1973-12-31,0.13791920086575465,0.4011026188317141,552,-0.19293192279909627,-0.9761634702956189,24,0.03942566639210403,0.15703977948699266,612,-1.3988764551129391,0.285860606388515
PriceDelayRsq,2001-12-31,2005-12-31,0.06674189406142683,0.36350843992862075,893,0.18575192868550885,1.1205111351339838,48,-0.030339560116900907,-0.24405535379272542,224,2.7831384065089533,-0.45458044821109617
PriceDelaySlope,2001-12-31,2005-12-31,0.02257807796934422,0.24246331428782125,893,0.06660427493222651,1.243063170105483,48,-0.013286156400474255,-0.13791742819605973,224,2.949953269833669,-0.5884538275806189
PriceDelayTstat,2001-12-31,2005-12-31,0.018617991414268144,0.19765409899427763,893,0.06843724196911752,1.2883580789653457,48,-0.012759131227689896,-0.13306482126564464,224,3.675866018321919,-0.6853119084538715
ProbInformedTrading,1998-12-31,2002-12-31,0.19937659850669143,1.0656611633959494,60,0.1530193809850048,0.526252979304614,48,0.04404274221694835,0.13429553642953268,132,0.7674891744121576,0.2209022650944173
RD,1995-12-31,2001-12-31,0.09592190525841021,0.911464600883753,534,0.3021201930178498,0.9072338403651701,72,0.026859706661414632,0.13724074338000605,276,3.149647540923512,0.2800164007278164
RDAbility,2009-12-31,2013-12-31,0.012529503937725317,0.09296076433908229,630,0.002378633755714057,0.03200115541844747,48,0.025511379705871695,0.23548115452211918,132,0.18984261208875033,2.036104528373147
RDIPO,1995-12-31,2006-12-31,0.09882054709676974,0.49476845334688274,224,0.0527844321254272,0.47665337536985,132,0.08386137052209958,0.678566834872051,216,0.5341443017284472,0.8486228116100042
RDS,2003-12-31,2011-12-31,0.05005667870351209,0.5249901306222093,366,-0.00048026570570032165,-0.008839370331911487,96,-0.012400659420577323,-0.1828560474270673,156,-0.009594438107748949,-0.24773236542574018
RDcap,2007-12-31,2011-12-31,0.051691453591161424,0.40395312207726636,330,0.06610274601499402,0.6668408783300058,48,-0.023105286018457363,-0.16420504923276444,156,1.2787944896619574,-0.44698464471906574
REV6,1992-12-31,1996-12-31,0.13397203653165324,2.1930228054973244,196,0.15966240289380895,2.8744576158548547,48,0.06557391618303865,0.5939502090905514,336,1.19175916875822,0.4894597251833644
RIO_Disp,2003-12-31,2005-12-31,0.11283718652307818,0.6830008901553806,335,-0.07613402936238733,-0.8499749856279375,24,0.04676546095089381,0.42757716223638975,228,-0.6747246338583239,0.4144507887151993
RIO_MB,2003-12-31,2005-12-31,0.11591905681317174,0.6566328380765605,489,-0.08140352312094762,-1.0185198853120063,24,0.00970698202833575,0.09967339372432792,228,-0.7022445261278026,0.08373931168177653
RIO_Turnover,2003-12-31,2005-12-31,0.035158710297977715,0.22172288138761245,928,-0.04105391189941334,-0.4394889557204391,24,0.051698913313471095,0.4279810486283331,228,-1.1676740003109474,1.4704439632543846
RIO_Volatility,2003-12-31,2005-12-31,0.04875926267183947,0.2625073049370145,927,-0.005709035374907988,-0.0562502611229902,24,0.11096454350142085,0.7256807169817601,228,-0.11708617116159134,2.27576336107124
RIVolSpread,2004-12-31,2009-12-31,0.1254073142531074,0.7242298771263331,107,0.04637624230293295,0.36649159909242573,60,0.01891877620617599,0.15607260218360725,157,0.3698049238924979,0.1508586346725563
RealizedVol,2000-12-31,2006-12-31,0.06179636818595943,0.26168634473549984,893,0.06108597563232012,0.16382024133573544,72,0.006026719446132694,0.02482213033222886,216,0.9885042992898615,0.09752546343818967
Recomm_ShortInterest,2006-12-31,2011-12-31,0.09743352426605262,0.8053239082173997,157,0.06594110794321927,0.40907090634725035,60,0.05363372866190522,0.3174315127390142,156,0.6767804863874167,0.5504648329814347
ResidualMomentum,2009-12-31,2011-12-31,0.11403785657205898,0.9186263663265646,955,0.06196446417756159,0.7433026773088285,24,0.03914237152416243,0.3557101232752325,156,0.5433674925169001,0.34324015463609575
ReturnSkew,2012-12-31,2015-12-31,0.06221116768572122,0.852428217173242,1043,0.020872837984999646,0.40650927114517926,36,0.03341521100426782,0.4280055403652397,108,0.3355159332556686,0.5371256037673976
ReturnSkew3F,2012-12-31,2015-12-31,0.04719195361914631,0.7782066482570645,1037,-0.015288182659699938,-0.4521775044729357,36,0.02557813289039558,0.39939099894798274,108,-0.3239574013629592,0.5420019924756461
RevenueSurprise,2003-12-31,2006-12-31,0.081458908361724,1.242269433683666,487,0.07113110845045326,2.4806007112803696,36,0.0449390137943896,0.650194453979095,216,0.8732146045290784,0.5516770933736892
RoE,1993-12-31,1996-12-31,0.017254859613425346,0.23960951552245546,390,0.06529772217804321,1.2893427927264096,36,0.04555413791331332,0.390196984717199,336,3.7843090955800966,2.640075835671789
SP,1991-12-31,1996-12-31,0.07709591995937287,0.6841802895429233,486,0.18911344647395503,1.9098498857155994,60,0.10596397532624735,0.6048569529305892,336,2.45296309549989,1.374443360713343
STreversal,1987-12-31,1990-12-31,0.41559120376556247,1.8567299532431383,743,0.35855576609552253,2.4888783959817653,36,0.19307388782128365,0.7156665176478203,408,0.8627607197812253,0.46457645414987614
ShareIss1Y,2003-12-31,2008-12-31,0.05395822186761051,0.6009727976631676,918,0.10925118185469102,1.216521574171541,60,0.10257136366321296,0.647877638775201,192,2.0247365104570134,1.9009403963473348
ShareIss5Y,2003-12-31,2006-12-31,0.040109811180346906,0.43290071245190165,870,0.06069116111854819,0.6600041472812378,36,0.10529530514942992,0.778539865897723,216,1.513125076696591,2.625175787439826
ShareRepurchase,1990-12-31,1995-12-31,0.03319500180844176,1.1630897633645796,222,-0.014431776854787613,-0.27577523083519073,60,0.03414823761103699,0.44678973081699325,348,-0.4347575257886413,1.0287162449363931
ShareVol,1991-12-31,1998-12-31,0.06966089841772122,0.4738090195163576,780,0.005805332417553549,0.05646797843174963,84,0.00651533773566128,0.05620767716899995,312,0.08333703052093734,0.09352933831820673
ShortInterest,1993-12-31,2001-12-31,0.09133917948632599,1.068596037009347,251,0.07910325380661049,0.8171810066794013,96,0.11794918731642684,0.8294872280887174,276,0.8660385855387798,1.2913318028446328
Size,1975-12-31,1981-12-31,0.05960560403507974,0.3714724030764499,594,0.1007602323156779,1.1514586413934276,72,0.005759278125060795,0.05098229041445048,516,1.69044897617978,0.09662309808438954
SmileSlope,2005-12-31,2011-12-31,0.2185544656769274,2.5871504140927155,119,0.1296406994114425,2.331903742536257,72,0.10216952338659263,1.5504624951516504,133,0.5931734179391263,0.46747854394163757
Spinoff,1988-12-31,1993-12-31,0.04049808736234459,0.2641637747394651,756,0.028622204811004075,0.30882112654927973,60,-0.0035260431571084053,-0.02902369230222573,372,0.7067544833640022,-0.08706690579138178
SurpriseRD,2001-12-31,2004-12-31,0.012229554402254822,0.20066022467853728,598,0.01041160961300359,0.10878542856279984,36,-0.0031992071893425923,-0.05900256487472284,240,0.8513482397268661,-0.26159638234674676
Tax,2000-12-31,2004-12-31,0.03853234330753556,0.5467457292134199,594,0.07185575548944845,1.079769077859536,48,0.0439092014539995,0.7136425894890752,240,1.8648166532710198,1.1395414263687518
TotalAccruals,2001-12-31,2005-12-31,0.0395972234971154,0.5163986457566105,594,0.09604836320803797,0.6179863488671966,48,0.002013706004116016,0.02337979672111319,228,2.42563378755672,0.0508547273336655
TrendFactor,2014-12-31,2016-12-31,0.21427130396329044,1.511885103300057,1066,-0.006124290588743607,-0.06048795902794172,24,0.021749534368918827,0.1682602495986965,96,-0.028581944830992568,0.10150465305725222
UpRecomm,1997-12-31,2001-12-31,0.07824853192083717,2.5054068385148005,49,0.11301289994260828,2.871097373765217,48,0.02205790716602222,0.5412374443529959,276,1.4442814090996836,0.2818954761775961
VarCF,1993-12-31,1996-12-31,-0.07346392849280942,-0.511500802348099,486,-0.011314841981685614,-0.11127328122917322,36,-0.006992998229268279,-0.0329030369118873,336,0.15401901605075613,0.09518954911256546
VolMkt,1993-12-31,1996-12-31,0.023726591104019916,0.13040804776309267,810,0.0678109704205525,0.514531918616781,36,0.04421073786767836,0.2554250387907922,336,2.8580157226658454,1.8633413318353973
VolSD,1995-12-31,2001-12-31,0.044182427039326067,0.3050827372886622,826,-0.007121665104879904,-0.05619476879082619,72,0.0010201054153326854,0.007409486156677259,276,-0.1611877296496416,0.023088487520721894
VolumeTrend,1993-12-31,1996-12-31,0.05887636131248869,0.4451956338826584,786,0.11422228718461305,1.96160357992658,36,0.08220993392096955,0.9605801649170881,336,1.9400364533122827,1.396314787264739
XFIN,2000-12-31,2006-12-31,0.13152185635562613,0.8915393228513353,342,0.15076095830746156,0.6006466950967552,72,0.14812190722114155,0.8401631035689262,216,1.1462806447911913,1.1262151502836912
betaVIX,2000-12-31,2006-12-31,0.13079909069932585,0.9313929081194297,179,0.04956913193990638,0.38080970247349943,72,0.024334301441284546,0.20843713929340593,216,0.37897153317260684,0.1860433532922868
cfp,1997-12-31,2004-12-31,0.04494816637006056,0.45450532728393017,402,-0.029901404932851438,-0.09713100706465999,84,0.11190704986481613,0.6729162202450661,240,-0.6652419297079136,2.489691102045846
dCPVolSpread,2011-12-31,2014-12-31,0.16119622612989476,1.8573992530431336,190,0.02495865086034671,0.5464690309956032,36,0.08206143628933404,1.2003227098778084,97,0.15483396515892742,0.5090779000198645
dNoa,2002-12-31,2004-12-31,0.11845865763631386,1.3180238743168082,486,0.14938674150606274,1.5799304912656345,24,0.024099141345060082,0.3733135397410344,240,1.2610875767704781,0.2034392574247137
dVolCall,2011-12-31,2014-12-31,0.10502282127897228,0.7252935649699924,190,-0.021973368201961812,-0.4114168052820938,36,0.07131454595582945,0.847289624250253,97,-0.2092246993022014,0.6790385659741183
dVolPut,2011-12-31,2014-12-31,0.04615562415177022,0.3301085552255259,190,0.039394043545023835,0.6173339440647195,36,0.02729107347489771,0.3406292656462816,97,0.8535047303333443,0.5912838137592601
fgr5yrLag,1990-12-31,1996-12-31,0.09111847987147617,0.6697420009278947,102,-0.011389460473489174,-0.08610265028408108,72,-6.140851699229014e-05,-0.0003206634577800433,336,-0.12499616421997117,-0.0006739414120923403
grcapx,1999-12-31,2006-12-31,0.05101938352715957,0.965428993746791,558,0.05761508043778363,0.6651604860621118,84,0.022627719510659124,0.3485229422887436,216,1.1292782557263343,0.44351220940593145
grcapx3y,1999-12-31,2006-12-31,0.05838646798652783,0.9103493387809964,546,0.057879079497163005,0.6555299906996811,84,0.006579551300100791,0.09073571157502473,216,0.9913098273133785,0.1126896612690969
hire,2010-12-31,2014-12-31,0.06094451773825074,0.8315745542399136,546,0.04241237460093563,0.9648165194373304,48,0.023024345769372543,0.25867168212649766,120,0.6959177982684447,0.377791910147838
iomom_cust,2005-12-31,2010-12-31,0.050672776732633165,0.3722761786827317,239,0.07277224337544949,0.8608128105139996,60,0.005888068022847169,0.05047528687603886,168,1.4361210904115367,0.11619785617659403
iomom_supp,2005-12-31,2010-12-31,0.07959051290018138,0.700332292073176,239,0.009770218950718869,0.1189317019367956,60,0.006418032348532715,0.05678494095103425,168,0.1227560747469012,0.08063815792444892
realestate,2005-12-31,2010-12-31,0.03554997769999095,0.32102972568268706,426,-0.0043399903516951,-0.05908389388299835,60,0.01620010341027172,0.16774927410542906,168,-0.12208138042506297,0.4556993972537947
retConglomerate,2009-12-31,2012-12-31,0.1663086389832411,1.186306209739968,407,-0.00853618975337925,-0.08758238297815527,36,0.0363105544659426,0.31212874605762897,144,-0.051327398297327416,0.21833234092909393
roaq,2005-12-31,2010-12-31,0.15620704385548503,0.7583033668827138,474,0.0606335407706064,0.46956287564802646,60,0.15495395226347153,0.7818289812959665,168,0.3881613739947702,0.9919780084106015
sfe,1998-12-31,2001-12-31,0.08229408649313875,0.5620871575652364,261,-0.17204101831119029,-0.32725235348225895,36,0.08875839486518697,0.39159527029960595,276,-2.0905635586043494,1.0785513108841323
sinAlgo,2006-12-31,2009-12-31,0.03151490926112428,0.1784757937841878,972,-0.028719699585668702,-0.19731704378459267,36,-0.009178889211952918,-0.08290115548982585,180,-0.9113051650475905,-0.2912554542327584
skew1,2005-12-31,2010-12-31,0.0765796704939114,0.9924426246267464,119,0.05658254314248525,0.6278604751587898,60,0.02175451823541946,0.34418208445446885,145,0.7388715931728114,0.2840769370658116
std_turn,1995-12-31,2001-12-31,0.07083791365208392,0.4095453727699369,816,0.11952578878205604,0.5571095581520844,72,-0.004118706883881399,-0.015214362656670753,276,1.6873137931348408,-0.05814269042578211
tang,2001-12-31,2009-12-31,0.053648483712418114,0.5044974730011679,612,0.02821023296034468,0.24001000845721912,96,-0.012301899199870191,-0.081682213181741,180,0.5258346743137272,-0.22930562708564767
zerotrade12M,2003-12-31,2006-12-31,0.08002533747192557,0.41957457867217,923,-0.004405327833189879,-0.04021497650360162,36,0.021809165657064502,0.10189188062054172,216,-0.05504916283215116,0.2725282560003646
zerotrade1M,2003-12-31,2006-12-31,0.07383264246000283,0.4009360277378116,924,0.02154254608318197,0.21310972104818962,36,0.030650549343032008,0.1524058172857289,216,0.2917753633814767,0.4151354783168739
zerotrade6M,2003-12-31,2006-12-31,0.08174797257305581,0.4180312711244141,929,-0.004302969005667052,-0.0390180244913115,36,0.03154946776852268,0.14460173884221852,216,-0.05263701190658413,0.3859357825703607
